email,fname,sname,prac_name,prac_addr,city,code,phone,e,l,
test3@gmail.com,test,c,GSKtest3,addr3,Hounslow,TW21QE,44656523453,test3,user3,c
test4@gmail.com,test,d,GSKtest4,addr4,Hounslow,TW21QE,44656523454,test4,user4,d
test5@gmail.com,test,e,GSKtest5,addr5,Hounslow,TW21QE,44656523455,test5,user5,e
test6@gmail.com,test,f,GSKtest6,addr6,Hounslow,TW21QE,44656523456,test6,user6,f
test7@gmail.com,test,g,GSKtest7,addr7,Hounslow,TW21QE,44656523457,test7,user7,g
test8@gmail.com,test,h,GSKtest8,addr8,Hounslow,TW21QE,44656523458,test8,user8,h
test9@gmail.com,test,i,GSKtest9,addr9,Hounslow,TW21QE,44656523459,test9,user9,i
test10@gmail.com,test,j,GSKtest10,addr10,Hounslow,TW21QE,44656523460,test10,user10,j
test11@gmail.com,test,k,GSKtest11,addr11,Hounslow,TW21QE,44656523461,test11,user11,k
test12@gmail.com,test,l,GSKtest12,addr12,Hounslow,TW21QE,44656523462,test12,user12,l
test13@gmail.com,test,m,GSKtest13,addr13,Hounslow,TW21QE,44656523463,test13,user13,m
test14@gmail.com,test,n,GSKtest14,addr14,Hounslow,TW21QE,44656523464,test14,user14,n
test15@gmail.com,test,o,GSKtest15,addr15,Hounslow,TW21QE,44656523465,test15,user15,o
test16@gmail.com,test,p,GSKtest16,addr16,Hounslow,TW21QE,44656523466,test16,user16,p
test17@gmail.com,test,q,GSKtest17,addr17,Hounslow,TW21QE,44656523467,test17,user17,q
test18@gmail.com,test,r,GSKtest18,addr18,Hounslow,TW21QE,44656523468,test18,user18,r
test19@gmail.com,test,s,GSKtest19,addr19,Hounslow,TW21QE,44656523469,test19,user19,s
test20@gmail.com,test,t,GSKtest20,addr20,Hounslow,TW21QE,44656523470,test20,user20,t
test21@gmail.com,test,u,GSKtest21,addr21,Hounslow,TW21QE,44656523471,test21,user21,u
test22@gmail.com,test,v,GSKtest22,addr22,Hounslow,TW21QE,44656523472,test22,user22,v
test23@gmail.com,test,w,GSKtest23,addr23,Hounslow,TW21QE,44656523473,test23,user23,w
test24@gmail.com,test,x,GSKtest24,addr24,Hounslow,TW21QE,44656523474,test24,user24,x
test25@gmail.com,test,y,GSKtest25,addr25,Hounslow,TW21QE,44656523475,test25,user25,y
test26@gmail.com,test,z,GSKtest26,addr26,Hounslow,TW21QE,44656523476,test26,user26,z
